date,title,achievement_id
2015-08-12T09:04:20.000000,If I Were a Rich Man,3152
2015-08-12T09:52:52.000000,I Know a Shortcut!,3220
2015-08-12T09:55:34.000000,I'm a Super Star!,3223
2015-08-12T09:57:57.000000,Right Then...,3389
2015-08-12T10:36:07.000000,Ibaraki Prefecture,1171
2015-08-12T11:42:58.000000,Reunion With Friends,16801
2015-08-12T11:42:59.000000,Inside Buu Buu's Belly,16796
2015-08-12T11:43:00.000000,All New Gohan,16782
2015-08-12T11:43:00.000000,Awoken Powers,16776
2015-08-12T11:43:00.000000,One Hour Left,16775
2015-08-12T12:10:32.000000,Otherworldly,16282
2015-08-12T22:51:07.000000,I Can Fly!,2060
2015-08-12T22:51:08.000000,Minish Cartographer,2249
2015-08-12T22:51:08.000000,Rupee Gatherer,1474
2015-08-12T22:51:08.000000,Rupee Accumulator,1473
2015-08-12T22:51:09.000000,Miracle Maker,2347
2015-08-12T22:51:10.000000,Making a Splash,2035
2015-08-12T23:26:19.000000,Rupee Collector,2179
2015-08-13T14:31:25.000000,Across the Sea,489
2015-08-13T17:39:43.000000,Magnet Beam,3411
2015-08-13T18:14:37.000000,Iceman,3407
2015-08-13T20:18:06.000000,Mutation,1969
2015-08-13T20:32:15.000000,I'm a Little Spider,1944
2015-08-13T21:48:07.000000,In the Oven,1949
2015-08-14T01:49:28.000000,Marathon,23571
2015-08-14T02:07:32.000000,Olympic Sprint,23572
2015-08-14T13:47:43.000000,Ice Ice Baby,138101
2015-08-15T20:14:35.000000,Rival,27592
2015-08-15T21:34:02.000000,Rival 2,27593
2015-08-16T00:01:46.000000,All-Star Player,23578
2015-08-16T00:01:47.000000,Master Stacker,23566
2015-08-16T00:01:47.000000,Apprentice Stacker,23564
2015-08-16T00:01:48.000000,A New Difficulty Approaches,23577
2015-08-16T15:24:32.000000,Reinforcements,3613
2015-08-16T15:39:25.000000,Master Sergeant,3599
2015-08-16T20:43:31.000000,Rival 3,27594
2015-08-17T01:38:08.000000,A Sheng-Long Journey,6133
2015-08-18T00:56:10.000000,Alleycat Blues,6678
2015-08-18T00:59:55.000000,Rock Em Sock Em Felix,6680
2015-08-18T14:22:43.000000,Mistress of the Dark,6137
2015-08-18T18:42:35.000000,Armored to the Teeth,19858
2015-08-18T19:10:26.000000,Robo Duck,19862
2015-08-18T20:48:08.000000,Map Collected,19857
2015-08-18T21:37:59.000000,Mu,19851
2015-08-18T22:06:27.000000,A Trick Up My Hat,19855
2015-08-19T01:21:52.000000,Ragnarok's Canyon,4253
2015-08-20T18:26:32.000000,Officer's Puzzle Prowess,6146
2015-08-20T19:21:43.000000,Rival 4,27595
2015-08-20T19:34:40.000000,Magma Hideout,27606
2015-08-20T19:51:56.000000,Aqua Hideout,27607
2015-08-21T15:48:00.000000,Insane Stacker,23567
2015-08-21T16:56:31.000000,Mind Badge,27602
2015-08-21T17:59:23.000000,Rain Badge,27603
2015-08-21T18:13:23.000000,Rayquaza,27620
2015-08-23T22:35:06.000000,On the Chase,1583
2015-08-30T22:03:59.000000,It's Called a PAN Card,23042
2015-08-31T20:41:47.000000,It Works Together With Your Body's Electrical Field,23043
2015-09-01T16:22:29.000000,Marooned in the Lagoon,22783
2015-09-01T16:58:11.000000,Ooga Booga,22770
2015-09-02T17:47:02.000000,A Brutal Sharking,22790
2015-09-02T18:48:34.000000,Rockethead,22779
2015-09-03T21:42:50.000000,Infinite Oxygen,22798
2015-09-04T09:59:04.000000,Atlantis Explorer,22794
2015-09-04T22:18:08.000000,Ol' Yell'r,22777
2015-09-05T11:48:07.000000,Aced That Space,22793
2015-09-05T18:08:38.000000,More than Hangin',22816
2015-09-05T22:44:18.000000,Run Ruined,22820
2015-09-05T23:43:32.000000,Raced in Space,22824
2015-09-06T10:51:31.000000,Atlantean Speeder,22827
2015-09-06T15:48:08.000000,Outflying the Cops,22834
2015-09-08T19:28:25.000000,A Screw Loose,7915
2015-09-12T17:36:24.000000,Area-2,20067
2015-09-12T22:34:40.000000,I is for Icky Iggy,2253
2015-09-12T22:35:31.000000,I Believe I Can Fly,4874
2015-09-13T10:32:28.000000,Morton Enough,347
2015-09-19T11:02:41.000000,A defensive strategy,26023
2015-09-19T11:02:45.000000,A moment of panic,26024
2015-09-19T21:33:07.000000,It used to be a missile...,25976
2015-09-20T17:09:14.000000,Arid Brotherhood,26149
2015-10-18T11:18:49.000000,Another Kind of Flying,2251
2015-11-20T12:13:47.000000,A False Moon,29665
2016-01-29T20:55:27.000000,Rooftops,18218
2016-01-29T21:33:04.000000,Alleyway,18219
2016-02-07T18:03:34.000000,More of a secret then my identitiy,18217
2016-02-15T21:24:45.000000,I'm Counting on You!,10516
2016-02-21T18:03:25.000000,Amateur Collector,2
2016-02-24T18:59:59.000000,Acid Blast,15518
2016-02-24T19:01:31.000000,Ice Ray,15519
2016-02-24T19:03:13.000000,Megu Cannon,15521
2016-03-02T16:59:14.000000,Ooo....fireworks!,13020
2016-03-02T23:37:49.000000,More fireworks!,13021
2016-03-04T02:55:16.000000,"Mario, in Africa? What?",13374
2016-03-04T19:34:15.000000,Rocket Well,5934
2016-03-04T23:07:37.000000,Milk Maid,5639
2016-03-05T02:01:28.000000,Iron Maiden,5642
2016-03-05T02:23:56.000000,Rocket Rage,5946
2016-03-05T02:27:48.000000,Old Man Winters,5643
2016-03-05T02:44:17.000000,Rocket Radio,5947
2016-03-05T15:02:43.000000,Aromatherapist,5648
2016-03-05T15:34:29.000000,Rock Hard Defense,5645
2016-03-05T15:46:28.000000,One Time Champ,5652
2016-03-06T01:57:49.000000,Master of Storms,5952
2016-03-06T14:58:17.000000,I Choose You!,33592
2016-03-06T20:59:51.000000,Always Plodding Behind!,33594
2016-03-06T23:14:04.000000,All Unown,5955
2016-03-07T22:29:53.000000,Make Them Faint!,33596
2016-03-08T12:54:17.000000,Rigged Slots,33599
2016-03-09T17:09:57.000000,A Warm-Up!,33598
2016-03-11T10:27:44.000000,Resort Gorgeous,33628
2016-03-11T12:34:06.000000,Molten,33620
2016-04-01T22:57:34.000000,Increased Strength,16540
2016-04-01T23:25:26.000000,A Balanced Deck,16544
2016-04-03T09:53:13.000000,Insect Swarm,16547
2016-04-06T17:40:39.000000,All-Out Attack,16552
2016-04-06T17:40:40.000000,Mechanical Mayhem,16551
2016-04-08T15:58:48.000000,Mass Tribute,16554
2016-04-09T00:26:25.000000,Masquerade,16556
2016-04-09T09:32:09.000000,Ruby Yugi Expansion,16576
2016-04-09T10:16:52.000000,Onyx Yugi Expansion,16577
